{"lr_acc": 0.7868852459016393, "svm_acc": 0.819672131147541}